转运商ID,评分,排名
T3,99.90929791666667,1
T6,99.510615,2
T4,99.332545,3
T8,99.14546916666667,4
T2,99.07862958333334,5
T5,99.00060208333333,6
T1,98.09523083333333,7
T7,97.92116666666666,8
